file,title,meta_description,h1,missing_alt,internal_links,word_count
./baÄŸcÄ±lar-mali-musavir.html,BaÄŸcÄ±lar Mali MÃ¼ÅŸavir | Ãœmraniye Muhasebeci â€“ SMMM Adem YÄ±lmaz,"BaÄŸcÄ±lar bÃ¶lgesinde mali mÃ¼ÅŸavirlik, vergi ve muhasebe hizmetleri. Ãœmraniye ve Ä°stanbul genelinde profesyonel hizmet.",BaÄŸcÄ±lar Mali MÃ¼ÅŸavir â€“ SMMM Adem YÄ±lmaz,0,0,26
./galeri.html,Galeri Yetki Belgesi BaÅŸvuru SÃ¼reci,,Galeri Yetki Belgesi BaÅŸvuru Rehberi,0,0,261
./bayrampasa-mali-musavir.html,BayrampaÅŸa Mali MÃ¼ÅŸavir | Ãœmraniye Muhasebeci â€“ SMMM Adem YÄ±lmaz,"BayrampaÅŸa bÃ¶lgesinde mali mÃ¼ÅŸavirlik, vergi ve muhasebe hizmetleri. Ãœmraniye ve Ä°stanbul genelinde profesyonel hizmet.",BayrampaÅŸa Mali MÃ¼ÅŸavir â€“ SMMM Adem YÄ±lmaz,0,0,26
./amortisman-enflasyon.html,Amortisman ve Enflasyon Muhasebesi | SMMM Adem YÄ±lmaz,Amortisman kavramÄ± ile enflasyon muhasebesi arasÄ±ndaki iliÅŸkiye genel bakÄ±ÅŸ.,Amortisman ve Enflasyon Muhasebesi Ä°liÅŸkisi,0,0,259
./mehmet-akif-mahallesi-mali-musavir.html,Mehmet Akif Mahallesi Mali MÃ¼ÅŸavir | Ãœmraniye Muhasebeci â€“ SMMM Adem YÄ±lmaz,"Mehmet Akif Mahallesi bÃ¶lgesinde mali mÃ¼ÅŸavirlik, vergi ve muhasebe hizmetleri. Ãœmraniye ve Ä°stanbul genelinde profesyonel hizmet.",Mehmet Akif Mahallesi Mali MÃ¼ÅŸavir â€“ SMMM Adem YÄ±lmaz,0,0,32
./beÅŸiktaÅŸ-mali-musavir.html,BeÅŸiktaÅŸ Mali MÃ¼ÅŸavir | Ãœmraniye Muhasebeci â€“ SMMM Adem YÄ±lmaz,"BeÅŸiktaÅŸ bÃ¶lgesinde mali mÃ¼ÅŸavirlik, vergi ve muhasebe hizmetleri. Ãœmraniye ve Ä°stanbul genelinde profesyonel hizmet.",BeÅŸiktaÅŸ Mali MÃ¼ÅŸavir â€“ SMMM Adem YÄ±lmaz,0,0,26
./tepeÃ¼stÃ¼-mahallesi-mali-musavir.html,TepeÃ¼stÃ¼ Mahallesi Mali MÃ¼ÅŸavir | Ãœmraniye Muhasebeci â€“ SMMM Adem YÄ±lmaz,"TepeÃ¼stÃ¼ Mahallesi bÃ¶lgesinde mali mÃ¼ÅŸavirlik, vergi ve muhasebe hizmetleri. Ãœmraniye ve Ä°stanbul genelinde profesyonel hizmet.",TepeÃ¼stÃ¼ Mahallesi Mali MÃ¼ÅŸavir â€“ SMMM Adem YÄ±lmaz,0,0,29
./2026-hadler.html,VUK 177 â€“ 179 â€“ 180 Hadleri (2025 ResmÃ® / 2026 Tahmini) | SMMM Adem YÄ±lmaz,"VUK 177, 179 ve 180 kapsamÄ±nda iÅŸletme â€“ bilanÃ§o ayrÄ±mÄ±, 2025 resmi hadler ve 2026 tahmini geÃ§iÅŸ hadleri. Mal, hizmet ve karma iÅŸletmeler iÃ§in tablo.",Ä°ÅŸletme â€“ BilanÃ§o AyrÄ±mÄ± ve 2025 / 2026 GeÃ§iÅŸ Hadleri,0,0,249
./finanskent-mahallesi-mali-musavir.html,Finanskent Mahallesi Mali MÃ¼ÅŸavir | Ãœmraniye Muhasebeci â€“ SMMM Adem YÄ±lmaz,"Finanskent Mahallesi bÃ¶lgesinde mali mÃ¼ÅŸavirlik, vergi ve muhasebe hizmetleri. Ãœmraniye ve Ä°stanbul genelinde profesyonel hizmet.",Finanskent Mahallesi Mali MÃ¼ÅŸavir â€“ SMMM Adem YÄ±lmaz,0,0,29
./kÃ¼Ã§Ã¼kÃ§ekmece-mali-musavir.html,KÃ¼Ã§Ã¼kÃ§ekmece Mali MÃ¼ÅŸavir | Ãœmraniye Muhasebeci â€“ SMMM Adem YÄ±lmaz,"KÃ¼Ã§Ã¼kÃ§ekmece bÃ¶lgesinde mali mÃ¼ÅŸavirlik, vergi ve muhasebe hizmetleri. Ãœmraniye ve Ä°stanbul genelinde profesyonel hizmet.",KÃ¼Ã§Ã¼kÃ§ekmece Mali MÃ¼ÅŸavir â€“ SMMM Adem YÄ±lmaz,0,0,26
./elmalikent-mahallesi-mali-musavir.html,ElmalÄ±kent Mahallesi Mali MÃ¼ÅŸavir | Ãœmraniye Muhasebeci â€“ SMMM Adem YÄ±lmaz,"ElmalÄ±kent Mahallesi bÃ¶lgesinde mali mÃ¼ÅŸavirlik, vergi ve muhasebe hizmetleri. Ãœmraniye ve Ä°stanbul genelinde profesyonel hizmet.",ElmalÄ±kent Mahallesi Mali MÃ¼ÅŸavir â€“ SMMM Adem YÄ±lmaz,0,0,29
./kdv-oranlari-uygulama.html,KDV OranlarÄ± ve UygulamalarÄ± Rehberi | SMMM Adem YÄ±lmaz,"KDV oranlarÄ±, indirim ve beyan sÃ¼reÃ§lerine genel bakÄ±ÅŸ saÄŸlayan Ã¶zet rehber.",KDV OranlarÄ± ve UygulamalarÄ±na Genel BakÄ±ÅŸ,0,0,200
./hesaplama.html,Mali MÃ¼ÅŸavir Hesaplama AraÃ§larÄ± - smmmyilmaz.com,,ğŸ§® Mali MÃ¼ÅŸavir Hesaplama AraÃ§larÄ±,0,0,194
./ihlamurkuyu-mahallesi-mali-musavir.html,Ihlamurkuyu Mahallesi Mali MÃ¼ÅŸavir | Ãœmraniye Muhasebeci â€“ SMMM Adem YÄ±lmaz,"Ihlamurkuyu Mahallesi bÃ¶lgesinde mali mÃ¼ÅŸavirlik, vergi ve muhasebe hizmetleri. Ãœmraniye ve Ä°stanbul genelinde profesyonel hizmet.",Ihlamurkuyu Mahallesi Mali MÃ¼ÅŸavir â€“ SMMM Adem YÄ±lmaz,0,0,29
./muhasebe-uzmani-umraniye.html,Ãœmraniye Muhasebe UzmanÄ± | Mali MÃ¼ÅŸavirlik,"Ãœmraniye muhasebe uzmanÄ±. Muhasebe kaydÄ±, e-defter, e-fatura ve ÅŸirket iÅŸlemleri.",Ãœmraniye Muhasebe UzmanÄ±,0,0,18
./namÄ±k-kemal-mahallesi-mali-musavir.html,NamÄ±k Kemal Mahallesi Mali MÃ¼ÅŸavir | Ãœmraniye Muhasebeci â€“ SMMM Adem YÄ±lmaz,"NamÄ±k Kemal Mahallesi bÃ¶lgesinde mali mÃ¼ÅŸavirlik, vergi ve muhasebe hizmetleri. Ãœmraniye ve Ä°stanbul genelinde profesyonel hizmet.",NamÄ±k Kemal Mahallesi Mali MÃ¼ÅŸavir â€“ SMMM Adem YÄ±lmaz,0,0,32
./sarÄ±yer-mali-musavir.html,SarÄ±yer Mali MÃ¼ÅŸavir | Ãœmraniye Muhasebeci â€“ SMMM Adem YÄ±lmaz,"SarÄ±yer bÃ¶lgesinde mali mÃ¼ÅŸavirlik, vergi ve muhasebe hizmetleri. Ãœmraniye ve Ä°stanbul genelinde profesyonel hizmet.",SarÄ±yer Mali MÃ¼ÅŸavir â€“ SMMM Adem YÄ±lmaz,0,0,26
./esenyurt-mali-musavir.html,Esenyurt Mali MÃ¼ÅŸavir | Ãœmraniye Muhasebeci â€“ SMMM Adem YÄ±lmaz,"Esenyurt bÃ¶lgesinde mali mÃ¼ÅŸavirlik, vergi ve muhasebe hizmetleri. Ãœmraniye ve Ä°stanbul genelinde profesyonel hizmet.",Esenyurt Mali MÃ¼ÅŸavir â€“ SMMM Adem YÄ±lmaz,0,0,26
./adem-yavuz-mahallesi-mali-musavir.html,Adem Yavuz Mahallesi Mali MÃ¼ÅŸavir | Ãœmraniye Muhasebeci â€“ SMMM Adem YÄ±lmaz,"Adem Yavuz Mahallesi bÃ¶lgesinde mali mÃ¼ÅŸavirlik, vergi ve muhasebe hizmetleri. Ãœmraniye ve Ä°stanbul genelinde profesyonel hizmet.",Adem Yavuz Mahallesi Mali MÃ¼ÅŸavir â€“ SMMM Adem YÄ±lmaz,0,0,32
./2025-enflasyon-duzeltmesi.html,2025 Enflasyon DÃ¼zeltmesi ve Enflasyon Muhasebesi | SMMM Adem YÄ±lmaz,"2025 yÄ±lÄ±nda enflasyon dÃ¼zeltmesi, geÃ§ici vergi dÃ¶nemleri ve bilanÃ§oya etkileri hakkÄ±nda genel bilgilendirme.",2025 Enflasyon DÃ¼zeltmesi ve Enflasyon Muhasebesi,0,0,432
./kiragmsi.html,2025 YÄ±lÄ± Gelir Vergisi Dilimleri ve Hadler,,2025 YÄ±lÄ± Gelir Vergisi Dilimleri ile Dikkate AlÄ±nacak BazÄ± Had ve Tutarlar,0,0,277
./2025-pratik-bilgi.html,Pratik Bilgiler - Vergi UygulamalarÄ± | SMMM Adem YÄ±lmaz,"Ä°SMMMO Pratik Bilgiler (Vergi UygulamalarÄ±) baÅŸlÄ±klarÄ±nÄ±n Ã¶zet listesi. Vergi tarifeleri, stopaj oranlarÄ±, gecikme zamlarÄ±, beyanname sÃ¼releri, KDV tevkifat listesi ve diÄŸer pratik vergi bilgilerinin baÅŸlÄ±klarÄ±.",Pratik Bilgiler (Vergi UygulamalarÄ±),0,0,898
./armaÄŸanevler-mahallesi-mali-musavir.html,ArmaÄŸanevler Mahallesi Mali MÃ¼ÅŸavir | Ãœmraniye Muhasebeci â€“ SMMM Adem YÄ±lmaz,"ArmaÄŸanevler Mahallesi bÃ¶lgesinde mali mÃ¼ÅŸavirlik, vergi ve muhasebe hizmetleri. Ãœmraniye ve Ä°stanbul genelinde profesyonel hizmet.",ArmaÄŸanevler Mahallesi Mali MÃ¼ÅŸavir â€“ SMMM Adem YÄ±lmaz,0,0,29
./genc-girisimci-destegi-2025.html,2025 GenÃ§ GiriÅŸimci DesteÄŸi ve Vergi Ä°stisnasÄ± | SMMM Adem YÄ±lmaz,"2025 genÃ§ giriÅŸimci desteÄŸi, gelir vergisi istisnasÄ± ve BaÄŸ-Kur prim teÅŸviki hakkÄ±nda Ã¶zet ve pratik bilgiler.",2025 GenÃ§ GiriÅŸimci DesteÄŸi ve Vergi Ä°stisnasÄ±,0,0,466
./arnavutkÃ¶y-mali-musavir.html,ArnavutkÃ¶y Mali MÃ¼ÅŸavir | Ãœmraniye Muhasebeci â€“ SMMM Adem YÄ±lmaz,"ArnavutkÃ¶y bÃ¶lgesinde mali mÃ¼ÅŸavirlik, vergi ve muhasebe hizmetleri. Ãœmraniye ve Ä°stanbul genelinde profesyonel hizmet.",ArnavutkÃ¶y Mali MÃ¼ÅŸavir â€“ SMMM Adem YÄ±lmaz,0,0,26
./esenler-mali-musavir.html,Esenler Mali MÃ¼ÅŸavir | Ãœmraniye Muhasebeci â€“ SMMM Adem YÄ±lmaz,"Esenler bÃ¶lgesinde mali mÃ¼ÅŸavirlik, vergi ve muhasebe hizmetleri. Ãœmraniye ve Ä°stanbul genelinde profesyonel hizmet.",Esenler Mali MÃ¼ÅŸavir â€“ SMMM Adem YÄ±lmaz,0,0,26
./kurumsal-defter-tutma.html,Kurumsal Defter Tutma Hizmetleri | Ãœmraniye Muhasebe,"Ãœmraniye kurumsal defter tutma hizmetleri. Limited, anonim ve ÅŸahÄ±s ÅŸirketleri iÃ§in profesyonel muhasebe, e-defter, e-fatura ve vergi sÃ¼reÃ§leri.",Kurumsal Defter Tutma Hizmetleri â€“ Ãœmraniye,0,0,21
./umraniye-muhasebe.html,Ãœmraniye Muhasebe Hizmetleri | SMMM Adem YÄ±lmaz,"Ãœmraniye muhasebe hizmetleri. Defter tutma, ÅŸirket kuruluÅŸu, beyannameler, SGK iÅŸlemleri ve mali danÄ±ÅŸmanlÄ±k hizmeti.",Ãœmraniye Muhasebe Hizmetleri,0,0,21
./umraniye.html,Ãœmraniye Mali MÃ¼ÅŸavir | Ãœmraniye Muhasebeci â€“ SMMM Adem YÄ±lmaz,"Ãœmraniye bÃ¶lgesinde mali mÃ¼ÅŸavirlik, vergi ve muhasebe hizmetleri. Ãœmraniye ve Ä°stanbul genelinde profesyonel hizmet.",Ãœmraniye Mali MÃ¼ÅŸavir â€“ SMMM Adem YÄ±lmaz,0,0,26
./huzur-mahallesi-mali-musavir.html,Huzur Mahallesi Mali MÃ¼ÅŸavir | Ãœmraniye Muhasebeci â€“ SMMM Adem YÄ±lmaz,"Huzur Mahallesi bÃ¶lgesinde mali mÃ¼ÅŸavirlik, vergi ve muhasebe hizmetleri. Ãœmraniye ve Ä°stanbul genelinde profesyonel hizmet.",Huzur Mahallesi Mali MÃ¼ÅŸavir â€“ SMMM Adem YÄ±lmaz,0,0,29
./iletisim.html,Ä°letiÅŸim â€“ SMMM YÄ±lmaz,,Ä°letiÅŸim,0,0,31
./esenkent-mahallesi-mali-musavir.html,Esenkent Mahallesi Mali MÃ¼ÅŸavir | Ãœmraniye Muhasebeci â€“ SMMM Adem YÄ±lmaz,"Esenkent Mahallesi bÃ¶lgesinde mali mÃ¼ÅŸavirlik, vergi ve muhasebe hizmetleri. Ãœmraniye ve Ä°stanbul genelinde profesyonel hizmet.",Esenkent Mahallesi Mali MÃ¼ÅŸavir â€“ SMMM Adem YÄ±lmaz,0,0,29
./silivri-mali-musavir.html,Silivri Mali MÃ¼ÅŸavir | Ãœmraniye Muhasebeci â€“ SMMM Adem YÄ±lmaz,"Silivri bÃ¶lgesinde mali mÃ¼ÅŸavirlik, vergi ve muhasebe hizmetleri. Ãœmraniye ve Ä°stanbul genelinde profesyonel hizmet.",Silivri Mali MÃ¼ÅŸavir â€“ SMMM Adem YÄ±lmaz,0,0,26
./eyÃ¼psultan-mali-musavir.html,EyÃ¼psultan Mali MÃ¼ÅŸavir | Ãœmraniye Muhasebeci â€“ SMMM Adem YÄ±lmaz,"EyÃ¼psultan bÃ¶lgesinde mali mÃ¼ÅŸavirlik, vergi ve muhasebe hizmetleri. Ãœmraniye ve Ä°stanbul genelinde profesyonel hizmet.",EyÃ¼psultan Mali MÃ¼ÅŸavir â€“ SMMM Adem YÄ±lmaz,0,0,26
./esenÅŸehir-mahallesi-mali-musavir.html,EsenÅŸehir Mahallesi Mali MÃ¼ÅŸavir | Ãœmraniye Muhasebeci â€“ SMMM Adem YÄ±lmaz,"EsenÅŸehir Mahallesi bÃ¶lgesinde mali mÃ¼ÅŸavirlik, vergi ve muhasebe hizmetleri. Ãœmraniye ve Ä°stanbul genelinde profesyonel hizmet.",EsenÅŸehir Mahallesi Mali MÃ¼ÅŸavir â€“ SMMM Adem YÄ±lmaz,0,0,29
./galericilik-belgesi.html,Galericilik Belgesi NasÄ±l AlÄ±nÄ±r?,,Galericilik Belgesi NasÄ±l AlÄ±nÄ±r?,0,2,337
./atatÃ¼rk-mahallesi-mali-musavir.html,AtatÃ¼rk Mahallesi Mali MÃ¼ÅŸavir | Ãœmraniye Muhasebeci â€“ SMMM Adem YÄ±lmaz,"AtatÃ¼rk Mahallesi bÃ¶lgesinde mali mÃ¼ÅŸavirlik, vergi ve muhasebe hizmetleri. Ãœmraniye ve Ä°stanbul genelinde profesyonel hizmet.",AtatÃ¼rk Mahallesi Mali MÃ¼ÅŸavir â€“ SMMM Adem YÄ±lmaz,0,0,29
./e-fatura-rehberi.html,E-Fatura ve E-ArÅŸiv Rehberi | SMMM Adem YÄ±lmaz,"E-fatura ve e-arÅŸiv uygulamalarÄ±, aralarÄ±ndaki farklar ve iÅŸletmeler iÃ§in dikkat edilmesi gerekenler.","E-Fatura, E-ArÅŸiv ve E-Ä°rsaliye 2025 Rehberi",0,0,220
./vergi-tur-kodlari.html,Vergi TÃ¼rÃ¼ KodlarÄ± AÃ§Ä±klamasÄ± | SMMM Adem YÄ±lmaz,"Vergi tÃ¼rÃ¼ kodlarÄ±nÄ±n mantÄ±ÄŸÄ±, Ã¶nemi ve Ã¶rnek kod listesi hakkÄ±nda genel aÃ§Ä±klamalar.",Vergi TÃ¼rÃ¼ KodlarÄ± Rehberi,0,0,262
./index.html,SMMM Adem YÄ±lmaz â€” Mali MÃ¼ÅŸavir,"SMMM Adem YÄ±lmaz â€” Ãœmraniye Mali MÃ¼ÅŸavir. Muhasebe, vergi beyannameleri, SGK iÅŸlemleri, ÅŸirket kuruluÅŸu, bordro, danÄ±ÅŸmanlÄ±k ve mali hukuki hizmetler. Profesyonel ve gÃ¼venilir mali mÃ¼ÅŸavirlik hizmeti.",SMMM Adem YÄ±lmaz â€“ Ãœmraniye Mali MÃ¼ÅŸavir,0,0,589
./kooperatif.html,"Kooperatif KuruluÅŸu | Konut, Ä°ÅŸletme ve Ãœretim Kooperatifleri","Konut, iÅŸyeri, Ã¼retim ve iÅŸletme kooperatiflerinin kuruluÅŸ sÃ¼reci, ortaklÄ±k yapÄ±sÄ±, sermaye, vergi ve muhasebe yÃ¼kÃ¼mlÃ¼lÃ¼kleri hakkÄ±nda pratik rehber. Ãœmraniye Mali MÃ¼ÅŸavir Adem YÄ±lmaz.",Kooperatif KuruluÅŸu Rehberi,0,0,532
./sile-mali-musavir.html,Åile Mali MÃ¼ÅŸavir | Ãœmraniye Muhasebeci â€“ SMMM Adem YÄ±lmaz,"Åile bÃ¶lgesinde mali mÃ¼ÅŸavirlik, vergi ve muhasebe hizmetleri. Ãœmraniye ve Ä°stanbul genelinde profesyonel hizmet.",Åile Mali MÃ¼ÅŸavir â€“ SMMM Adem YÄ±lmaz,0,0,26
./kaÄŸÄ±thane-mali-musavir.html,KaÄŸÄ±thane Mali MÃ¼ÅŸavir | Ãœmraniye Muhasebeci â€“ SMMM Adem YÄ±lmaz,"KaÄŸÄ±thane bÃ¶lgesinde mali mÃ¼ÅŸavirlik, vergi ve muhasebe hizmetleri. Ãœmraniye ve Ä°stanbul genelinde profesyonel hizmet.",KaÄŸÄ±thane Mali MÃ¼ÅŸavir â€“ SMMM Adem YÄ±lmaz,0,0,26
./avcÄ±lar-mali-musavir.html,AvcÄ±lar Mali MÃ¼ÅŸavir | Ãœmraniye Muhasebeci â€“ SMMM Adem YÄ±lmaz,"AvcÄ±lar bÃ¶lgesinde mali mÃ¼ÅŸavirlik, vergi ve muhasebe hizmetleri. Ãœmraniye ve Ä°stanbul genelinde profesyonel hizmet.",AvcÄ±lar Mali MÃ¼ÅŸavir â€“ SMMM Adem YÄ±lmaz,0,0,26
./oto-galeri-yetki-belgesi.html,Oto Galeri Yetki Belgesi ve Ã–zel Matrah | SMMM Adem YÄ±lmaz,"Oto galeri yetki belgesi, mesleki ÅŸartlar ve Ã¶zel matrahlÄ± araÃ§ satÄ±ÅŸÄ± hakkÄ±nda genel Ã§erÃ§eve.",Oto Galeri Yetki Belgesi ve Ã–zel MatrahlÄ± AraÃ§ SatÄ±ÅŸÄ±,0,0,123
./Ã§akmak-mahallesi-mali-musavir.html,Ã‡akmak Mahallesi Mali MÃ¼ÅŸavir | Ãœmraniye Muhasebeci â€“ SMMM Adem YÄ±lmaz,"Ã‡akmak Mahallesi bÃ¶lgesinde mali mÃ¼ÅŸavirlik, vergi ve muhasebe hizmetleri. Ãœmraniye ve Ä°stanbul genelinde profesyonel hizmet.",Ã‡akmak Mahallesi Mali MÃ¼ÅŸavir â€“ SMMM Adem YÄ±lmaz,0,0,29
./topagacÄ±-mahallesi-mali-musavir.html,TopaÄŸacÄ± Mahallesi Mali MÃ¼ÅŸavir | Ãœmraniye Muhasebeci â€“ SMMM Adem YÄ±lmaz,"TopaÄŸacÄ± Mahallesi bÃ¶lgesinde mali mÃ¼ÅŸavirlik, vergi ve muhasebe hizmetleri. Ãœmraniye ve Ä°stanbul genelinde profesyonel hizmet.",TopaÄŸacÄ± Mahallesi Mali MÃ¼ÅŸavir â€“ SMMM Adem YÄ±lmaz,0,0,29
./e-ticaret-muhasebesi.html,E-Ticaret Muhasebesi | SMMM Adem YÄ±lmaz,E-ticaret iÅŸletmeleri iÃ§in temel muhasebe ve komisyon takibi baÅŸlÄ±klarÄ±.,E-Ticaret Yapan Ä°ÅŸletmelerde Muhasebe YapÄ±sÄ±,0,0,95
./enflasyon-muhasebesi-2025.html,,,,0,0,3
./itfaiye-raporu.html,Konaklama Tesisleri Ä°tfaiye Raporu Duyurusu,,KONAKLAMA TESÄ°SLERÄ° Ä°TFAÄ°YE RAPORUHAKKINDA DUYURU,0,0,78
./kadÄ±kÃ¶y-mali-musavir.html,KadÄ±kÃ¶y Mali MÃ¼ÅŸavir | Ãœmraniye Muhasebeci â€“ SMMM Adem YÄ±lmaz,"KadÄ±kÃ¶y bÃ¶lgesinde mali mÃ¼ÅŸavirlik, vergi ve muhasebe hizmetleri. Ãœmraniye ve Ä°stanbul genelinde profesyonel hizmet.",KadÄ±kÃ¶y Mali MÃ¼ÅŸavir â€“ SMMM Adem YÄ±lmaz,0,0,26
./gÃ¼ngÃ¶ren-mali-musavir.html,GÃ¼ngÃ¶ren Mali MÃ¼ÅŸavir | Ãœmraniye Muhasebeci â€“ SMMM Adem YÄ±lmaz,"GÃ¼ngÃ¶ren bÃ¶lgesinde mali mÃ¼ÅŸavirlik, vergi ve muhasebe hizmetleri. Ãœmraniye ve Ä°stanbul genelinde profesyonel hizmet.",GÃ¼ngÃ¶ren Mali MÃ¼ÅŸavir â€“ SMMM Adem YÄ±lmaz,0,0,26
./ihrac-kayitli-satislar.html,,,,0,0,2
./limited-sirket-kurulus.html,Limited Åirket KuruluÅŸu | SMMM Adem YÄ±lmaz,"Limited ÅŸirketin Ã¶zellikleri, kuruluÅŸ adÄ±mlarÄ± ve dikkat edilmesi gerekenler hakkÄ±nda rehber.",Limited Åirket KuruluÅŸu AdÄ±m AdÄ±m Rehber,0,0,283
./galeri-yetki-belgesi-ozel-matrahli-arac-satisi.html,Oto Galeri Yetki Belgesi & Ã–zel MatrahlÄ± AraÃ§ SatÄ±ÅŸÄ± | Ãœmraniye Mali MÃ¼ÅŸavir,"Oto galeri yetki belgesi, Ã¶zel matrahlÄ± araÃ§ satÄ±ÅŸÄ±nda KDV uygulamasÄ±, noter sÃ¼reÃ§leri ve vergi yÃ¼kÃ¼mlÃ¼lÃ¼kleri hakkÄ±nda detaylÄ± rehber. Ãœmraniye Mali MÃ¼ÅŸavir Adem YÄ±lmaz.",Oto Galeri Yetki Belgesi ve Ã–zel MatrahlÄ± AraÃ§ SatÄ±ÅŸÄ±,0,0,227
./kooperatif-kurulusu.html,,,,0,0,2
./baÅŸakÅŸehir-mali-musavir.html,BaÅŸakÅŸehir Mali MÃ¼ÅŸavir | Ãœmraniye Muhasebeci â€“ SMMM Adem YÄ±lmaz,"BaÅŸakÅŸehir bÃ¶lgesinde mali mÃ¼ÅŸavirlik, vergi ve muhasebe hizmetleri. Ãœmraniye ve Ä°stanbul genelinde profesyonel hizmet.",BaÅŸakÅŸehir Mali MÃ¼ÅŸavir â€“ SMMM Adem YÄ±lmaz,0,0,26
./fatih-mali-musavir.html,Fatih Mali MÃ¼ÅŸavir | Ãœmraniye Muhasebeci â€“ SMMM Adem YÄ±lmaz,"Fatih bÃ¶lgesinde mali mÃ¼ÅŸavirlik, vergi ve muhasebe hizmetleri. Ãœmraniye ve Ä°stanbul genelinde profesyonel hizmet.",Fatih Mali MÃ¼ÅŸavir â€“ SMMM Adem YÄ±lmaz,0,0,26
./ÅŸiÅŸli-mali-musavir.html,ÅiÅŸli Mali MÃ¼ÅŸavir | Ãœmraniye Muhasebeci â€“ SMMM Adem YÄ±lmaz,"ÅiÅŸli bÃ¶lgesinde mali mÃ¼ÅŸavirlik, vergi ve muhasebe hizmetleri. Ãœmraniye ve Ä°stanbul genelinde profesyonel hizmet.",ÅiÅŸli Mali MÃ¼ÅŸavir â€“ SMMM Adem YÄ±lmaz,0,0,26
./adalar-mali-musavir.html,Adalar Mali MÃ¼ÅŸavir | Ãœmraniye Muhasebeci â€“ SMMM Adem YÄ±lmaz,"Adalar bÃ¶lgesinde mali mÃ¼ÅŸavirlik, vergi ve muhasebe hizmetleri. Ãœmraniye ve Ä°stanbul genelinde profesyonel hizmet.",Adalar Mali MÃ¼ÅŸavir â€“ SMMM Adem YÄ±lmaz,0,0,26
./necip-fazÄ±l-mahallesi-mali-musavir.html,Necip FazÄ±l Mahallesi Mali MÃ¼ÅŸavir | Ãœmraniye Muhasebeci â€“ SMMM Adem YÄ±lmaz,"Necip FazÄ±l Mahallesi bÃ¶lgesinde mali mÃ¼ÅŸavirlik, vergi ve muhasebe hizmetleri. Ãœmraniye ve Ä°stanbul genelinde profesyonel hizmet.",Necip FazÄ±l Mahallesi Mali MÃ¼ÅŸavir â€“ SMMM Adem YÄ±lmaz,0,0,32
./vergi-takvimi-2025.html,,,,0,0,3
./site-mahallesi-mali-musavir.html,Site Mahallesi Mali MÃ¼ÅŸavir | Ãœmraniye Muhasebeci â€“ SMMM Adem YÄ±lmaz,"Site Mahallesi bÃ¶lgesinde mali mÃ¼ÅŸavirlik, vergi ve muhasebe hizmetleri. Ãœmraniye ve Ä°stanbul genelinde profesyonel hizmet.",Site Mahallesi Mali MÃ¼ÅŸavir â€“ SMMM Adem YÄ±lmaz,0,0,29
./gaziosmanpasa-mali-musavir.html,GaziosmanpaÅŸa Mali MÃ¼ÅŸavir | Ãœmraniye Muhasebeci â€“ SMMM Adem YÄ±lmaz,"GaziosmanpaÅŸa bÃ¶lgesinde mali mÃ¼ÅŸavirlik, vergi ve muhasebe hizmetleri. Ãœmraniye ve Ä°stanbul genelinde profesyonel hizmet.",GaziosmanpaÅŸa Mali MÃ¼ÅŸavir â€“ SMMM Adem YÄ±lmaz,0,0,26
./eyt-erken-emeklilik.html,EYT ve Erken Emeklilik DanÄ±ÅŸmanlÄ±ÄŸÄ± | SMMM Adem YÄ±lmaz,"EYT, prim gÃ¼nleri, yaÅŸ ÅŸartÄ± ve emeklilik planlamasÄ± hakkÄ±nda mali mÃ¼ÅŸavir bakÄ±ÅŸÄ±yla Ã¶zet bilgiler.",EYT ve Erken Emeklilik Bilgilendirme,0,0,199
./asgari-ucret-agi-2025.html,Asgari Ãœcret ve AGÄ° HakkÄ±nda Genel Bilgilendirme | SMMM Adem YÄ±lmaz,Asgari Ã¼cretin bordroda hesaplanmasÄ± ve eski AGÄ° uygulamasÄ± hakkÄ±nda genel bilgiler.,Asgari Ãœcret ve Eski AGÄ° UygulamasÄ± HakkÄ±nda Genel Bilgilendirme,0,0,281
./gider-pusulasi.html,Gider PusulasÄ± Nedir? | SMMM Adem YÄ±lmaz,"Gider pusulasÄ± hangi durumlarda kullanÄ±lÄ±r, hangi bilgileri iÃ§ermelidir?","Gider PusulasÄ± Nedir, Ne Zaman DÃ¼zenlenir?",0,0,175
./yazilim-ihracatinda-vergi-istisnalari.html,YazÄ±lÄ±m ve BiliÅŸim Ä°hracatÄ±nda Vergi Ä°stisnalarÄ± | SMMM Adem YÄ±lmaz,"YazÄ±lÄ±m ve biliÅŸim hizmeti ihracatÄ±nda gelir / kurumlar vergisi istisnasÄ±, KDV istisnasÄ± ve stopaj teÅŸvikleri hakkÄ±nda genel bilgilendirme.",YazÄ±lÄ±m ve BiliÅŸim Hizmeti Ä°hracatÄ±nda Vergi Ä°stisnalarÄ±,0,0,424
./madenler-mahallesi-mali-musavir.html,Madenler Mahallesi Mali MÃ¼ÅŸavir | Ãœmraniye Muhasebeci â€“ SMMM Adem YÄ±lmaz,"Madenler Mahallesi bÃ¶lgesinde mali mÃ¼ÅŸavirlik, vergi ve muhasebe hizmetleri. Ãœmraniye ve Ä°stanbul genelinde profesyonel hizmet.",Madenler Mahallesi Mali MÃ¼ÅŸavir â€“ SMMM Adem YÄ±lmaz,0,0,29
./anonim-sirket-kurulus.html,Anonim Åirket KuruluÅŸu | SMMM Adem YÄ±lmaz,"Anonim ÅŸirketin temel Ã¶zellikleri, limited ÅŸirketle farklarÄ± ve kuruluÅŸ sÃ¼reci hakkÄ±nda Ã¶zet rehber.",Anonim Åirket KuruluÅŸu ve Limited Åirkete GÃ¶re FarklarÄ±,0,0,219
./2025-vergi-takvimi.html,2025 Vergi Takvimi ve Ã–nemli Tarihler | SMMM Adem YÄ±lmaz,"2025 vergi takvimi, geÃ§ici vergi, KDV, muhtasar, kurumlar ve gelir vergisi beyannameleri iÃ§in temel tarihlerin Ã¶zeti.",2025 Vergi Takvimi â€“ Temel Beyan ve Ã–deme Tarihleri,0,0,507
./esenevler-mahallesi-mali-musavir.html,Esenevler Mahallesi Mali MÃ¼ÅŸavir | Ãœmraniye Muhasebeci â€“ SMMM Adem YÄ±lmaz,"Esenevler Mahallesi bÃ¶lgesinde mali mÃ¼ÅŸavirlik, vergi ve muhasebe hizmetleri. Ãœmraniye ve Ä°stanbul genelinde profesyonel hizmet.",Esenevler Mahallesi Mali MÃ¼ÅŸavir â€“ SMMM Adem YÄ±lmaz,0,0,29
./hekimbaÅŸÄ±-mahallesi-mali-musavir.html,HekimbaÅŸÄ± Mahallesi Mali MÃ¼ÅŸavir | Ãœmraniye Muhasebeci â€“ SMMM Adem YÄ±lmaz,"HekimbaÅŸÄ± Mahallesi bÃ¶lgesinde mali mÃ¼ÅŸavirlik, vergi ve muhasebe hizmetleri. Ãœmraniye ve Ä°stanbul genelinde profesyonel hizmet.",HekimbaÅŸÄ± Mahallesi Mali MÃ¼ÅŸavir â€“ SMMM Adem YÄ±lmaz,0,0,29
./yukarÄ±dudullu-mahallesi-mali-musavir.html,YukarÄ±dudullu Mahallesi Mali MÃ¼ÅŸavir | Ãœmraniye Muhasebeci â€“ SMMM Adem YÄ±lmaz,"YukarÄ±dudullu Mahallesi bÃ¶lgesinde mali mÃ¼ÅŸavirlik, vergi ve muhasebe hizmetleri. Ãœmraniye ve Ä°stanbul genelinde profesyonel hizmet.",YukarÄ±dudullu Mahallesi Mali MÃ¼ÅŸavir â€“ SMMM Adem YÄ±lmaz,0,0,29
./dumlupÄ±nar-mahallesi-mali-musavir.html,DumlupÄ±nar Mahallesi Mali MÃ¼ÅŸavir | Ãœmraniye Muhasebeci â€“ SMMM Adem YÄ±lmaz,"DumlupÄ±nar Mahallesi bÃ¶lgesinde mali mÃ¼ÅŸavirlik, vergi ve muhasebe hizmetleri. Ãœmraniye ve Ä°stanbul genelinde profesyonel hizmet.",DumlupÄ±nar Mahallesi Mali MÃ¼ÅŸavir â€“ SMMM Adem YÄ±lmaz,0,0,29
./dudullu-osb-mahallesi-mali-musavir.html,Dudullu OSB Mahallesi Mali MÃ¼ÅŸavir | Ãœmraniye Muhasebeci â€“ SMMM Adem YÄ±lmaz,"Dudullu OSB Mahallesi bÃ¶lgesinde mali mÃ¼ÅŸavirlik, vergi ve muhasebe hizmetleri. Ãœmraniye ve Ä°stanbul genelinde profesyonel hizmet.",Dudullu OSB Mahallesi Mali MÃ¼ÅŸavir â€“ SMMM Adem YÄ±lmaz,0,0,32
./pendik-mali-musavir.html,Pendik Mali MÃ¼ÅŸavir | Ãœmraniye Muhasebeci â€“ SMMM Adem YÄ±lmaz,"Pendik bÃ¶lgesinde mali mÃ¼ÅŸavirlik, vergi ve muhasebe hizmetleri. Ãœmraniye ve Ä°stanbul genelinde profesyonel hizmet.",Pendik Mali MÃ¼ÅŸavir â€“ SMMM Adem YÄ±lmaz,0,0,26
./tantavi-mahallesi-mali-musavir.html,Tantavi Mahallesi Mali MÃ¼ÅŸavir | Ãœmraniye Muhasebeci â€“ SMMM Adem YÄ±lmaz,"Tantavi Mahallesi bÃ¶lgesinde mali mÃ¼ÅŸavirlik, vergi ve muhasebe hizmetleri. Ãœmraniye ve Ä°stanbul genelinde profesyonel hizmet.",Tantavi Mahallesi Mali MÃ¼ÅŸavir â€“ SMMM Adem YÄ±lmaz,0,0,29
./beykoz-mali-musavir.html,Beykoz Mali MÃ¼ÅŸavir | Ãœmraniye Muhasebeci â€“ SMMM Adem YÄ±lmaz,"Beykoz bÃ¶lgesinde mali mÃ¼ÅŸavirlik, vergi ve muhasebe hizmetleri. Ãœmraniye ve Ä°stanbul genelinde profesyonel hizmet.",Beykoz Mali MÃ¼ÅŸavir â€“ SMMM Adem YÄ±lmaz,0,0,26
./2026-had.html,2026 Defter Tutma Hadleri | Åirketiniz SÄ±nÄ±f DeÄŸiÅŸtirecek mi? | SMMM Adem YÄ±lmaz,"2025 yÄ±lÄ± iÅŸ hacminize gÃ¶re 2026â€™da birinci sÄ±nÄ±f mÄ± olacaksÄ±nÄ±z, ikinci sÄ±nÄ±fta mÄ± kalacaksÄ±nÄ±z? 2026 defter tutma hadleri nasÄ±l belirlenir, kimler bilanÃ§o esasÄ±na geÃ§er, sÄ±nÄ±f deÄŸiÅŸtirmenin sonuÃ§larÄ± nelerdir?",Åirketiniz 2026'da SÄ±nÄ±f DeÄŸiÅŸtirecek mi? Yeni Defter Tutma Hadlerine HazÄ±r mÄ±sÄ±nÄ±z?,0,0,925
./kazim-karabekir-mahallesi-mali-musavir.html,KazÄ±m Karabekir Mahallesi Mali MÃ¼ÅŸavir | Ãœmraniye Muhasebeci â€“ SMMM Adem YÄ±lmaz,"KazÄ±m Karabekir Mahallesi bÃ¶lgesinde mali mÃ¼ÅŸavirlik, vergi ve muhasebe hizmetleri. Ãœmraniye ve Ä°stanbul genelinde profesyonel hizmet.",KazÄ±m Karabekir Mahallesi Mali MÃ¼ÅŸavir â€“ SMMM Adem YÄ±lmaz,0,0,32
./atasehir-mali-musavir.html,AtaÅŸehir Mali MÃ¼ÅŸavir | Ãœmraniye Muhasebeci â€“ SMMM Adem YÄ±lmaz,"AtaÅŸehir bÃ¶lgesinde mali mÃ¼ÅŸavirlik, vergi ve muhasebe hizmetleri. Ãœmraniye ve Ä°stanbul genelinde profesyonel hizmet.",AtaÅŸehir Mali MÃ¼ÅŸavir â€“ SMMM Adem YÄ±lmaz,0,0,26
./emeklilik.html,Ne Zaman Emekli Olurum? | SMMM Adem YÄ±lmaz,,"Emeklilik Hesaplama Rehberi â€“ SSK, BaÄŸkur, EYT",0,0,819
./beyoglu-mali-musavir.html,BeyoÄŸlu Mali MÃ¼ÅŸavir | Ãœmraniye Muhasebeci â€“ SMMM Adem YÄ±lmaz,"BeyoÄŸlu bÃ¶lgesinde mali mÃ¼ÅŸavirlik, vergi ve muhasebe hizmetleri. Ãœmraniye ve Ä°stanbul genelinde profesyonel hizmet.",BeyoÄŸlu Mali MÃ¼ÅŸavir â€“ SMMM Adem YÄ±lmaz,0,0,26
./catalca-mali-musavir.html,Ã‡atalca Mali MÃ¼ÅŸavir | Ãœmraniye Muhasebeci â€“ SMMM Adem YÄ±lmaz,"Ã‡atalca bÃ¶lgesinde mali mÃ¼ÅŸavirlik, vergi ve muhasebe hizmetleri. Ãœmraniye ve Ä°stanbul genelinde profesyonel hizmet.",Ã‡atalca Mali MÃ¼ÅŸavir â€“ SMMM Adem YÄ±lmaz,0,0,26
./atakent-mahallesi-mali-musavir.html,Atakent Mahallesi Mali MÃ¼ÅŸavir | Ãœmraniye Muhasebeci â€“ SMMM Adem YÄ±lmaz,"Atakent Mahallesi bÃ¶lgesinde mali mÃ¼ÅŸavirlik, vergi ve muhasebe hizmetleri. Ãœmraniye ve Ä°stanbul genelinde profesyonel hizmet.",Atakent Mahallesi Mali MÃ¼ÅŸavir â€“ SMMM Adem YÄ±lmaz,0,0,29
./sgk-emeklilik-rehberi.html,SGK Emeklilik Rehberi | SMMM Adem YÄ±lmaz,SGK emeklilik planlamasÄ±nda temel parametreler ve kÄ±sa aÃ§Ä±klamalar.,SGK Emeklilik ÅartlarÄ±na Genel BakÄ±ÅŸ,0,0,80
./konut-kdv-oranlari.html,Konut Teslimlerinde KDV OranlarÄ±,,Konutlarda KDV OranlarÄ± â€“ GÃ¼ncel 2025,0,0,180
./motor-kurye-muhasebesi.html,Motor Kurye Muhasebesi | SMMM Adem YÄ±lmaz,Motor kurye ve paket servis iÅŸinde vergi ve muhasebe uygulamalarÄ±.,Motor Kurye ve Paket Servis Ä°ÅŸletmelerinde Muhasebe,0,0,146
./basit-usulden-gercek-usele-gecis.html,,,,0,0,5
./bakÄ±rkÃ¶y-mali-musavir.html,BakÄ±rkÃ¶y Mali MÃ¼ÅŸavir | Ãœmraniye Muhasebeci â€“ SMMM Adem YÄ±lmaz,"BakÄ±rkÃ¶y bÃ¶lgesinde mali mÃ¼ÅŸavirlik, vergi ve muhasebe hizmetleri. Ãœmraniye ve Ä°stanbul genelinde profesyonel hizmet.",BakÄ±rkÃ¶y Mali MÃ¼ÅŸavir â€“ SMMM Adem YÄ±lmaz,0,0,26
./2025gmsi.html,Konut Kira Gelirleri Ä°stisna UygulamasÄ±,,KONUT KÄ°RA GELÄ°RLERÄ°NE Ä°LÄ°ÅKÄ°N Ä°STÄ°SNA UYGULAMASI,0,0,362
./tuzla-mali-musavir.html,Tuzla Mali MÃ¼ÅŸavir | Ãœmraniye Muhasebeci â€“ SMMM Adem YÄ±lmaz,"Tuzla bÃ¶lgesinde mali mÃ¼ÅŸavirlik, vergi ve muhasebe hizmetleri. Ãœmraniye ve Ä°stanbul genelinde profesyonel hizmet.",Tuzla Mali MÃ¼ÅŸavir â€“ SMMM Adem YÄ±lmaz,0,0,26
./dernek-surecleri.html,"Dernek KuruluÅŸu | Dernek TÃ¼zÃ¼ÄŸÃ¼, Genel Kurul ve Ä°ÅŸleyiÅŸ","Dernek kuruluÅŸu, tÃ¼zÃ¼k hazÄ±rlanmasÄ±, kurucu Ã¼yeler, genel kurul ve yÃ¶netim kurulu sÃ¼reÃ§leri hakkÄ±nda sade ve gÃ¼ncel Ã¶zet rehber. Ãœmraniye Mali MÃ¼ÅŸavir Adem YÄ±lmaz.",Dernek KuruluÅŸu â€“ Ã–zet Rehber,0,0,351
./yazilim-arge-istisna.html,,,,0,0,1
./2025-kira-geliri-beyan-rehberi.html,2025 Kira Geliri Beyan Rehberi | SMMM Adem YÄ±lmaz,"2025 yÄ±lÄ±nda konut ve iÅŸyeri kira gelirlerinin beyanÄ±, istisna tutarÄ±, gerÃ§ek gider ve gÃ¶tÃ¼rÃ¼ gider yÃ¶ntemleri hakkÄ±nda pratik rehber.",2025 Kira Geliri Beyan Rehberi,0,0,443
./gmsi-kira-geliri-hesaplama.html,,,,0,0,3
./sirket-kurulus-hizmetleri.html,Åirket KuruluÅŸ Hizmetleri,Ãœmraniye ÅŸirket kuruluÅŸ hizmetleri.,Åirket KuruluÅŸ Hizmetleri â€“ Ãœmraniye,0,0,12
./fsm-mahallesi-mali-musavir.html,FSM Mahallesi Mali MÃ¼ÅŸavir | Ãœmraniye Muhasebeci â€“ SMMM Adem YÄ±lmaz,"FSM Mahallesi bÃ¶lgesinde mali mÃ¼ÅŸavirlik, vergi ve muhasebe hizmetleri. Ãœmraniye ve Ä°stanbul genelinde profesyonel hizmet.",FSM Mahallesi Mali MÃ¼ÅŸavir â€“ SMMM Adem YÄ±lmaz,0,0,29
./camlÄ±k-mahallesi-mali-musavir.html,Ã‡amlÄ±k Mahallesi Mali MÃ¼ÅŸavir | Ãœmraniye Muhasebeci â€“ SMMM Adem YÄ±lmaz,"Ã‡amlÄ±k Mahallesi bÃ¶lgesinde mali mÃ¼ÅŸavirlik, vergi ve muhasebe hizmetleri. Ãœmraniye ve Ä°stanbul genelinde profesyonel hizmet.",Ã‡amlÄ±k Mahallesi Mali MÃ¼ÅŸavir â€“ SMMM Adem YÄ±lmaz,0,0,29
./beylikdÃ¼zÃ¼-mali-musavir.html,BeylikdÃ¼zÃ¼ Mali MÃ¼ÅŸavir | Ãœmraniye Muhasebeci â€“ SMMM Adem YÄ±lmaz,"BeylikdÃ¼zÃ¼ bÃ¶lgesinde mali mÃ¼ÅŸavirlik, vergi ve muhasebe hizmetleri. Ãœmraniye ve Ä°stanbul genelinde profesyonel hizmet.",BeylikdÃ¼zÃ¼ Mali MÃ¼ÅŸavir â€“ SMMM Adem YÄ±lmaz,0,0,26
./sultanbeyli-mali-musavir.html,Sultanbeyli Mali MÃ¼ÅŸavir | Ãœmraniye Muhasebeci â€“ SMMM Adem YÄ±lmaz,"Sultanbeyli bÃ¶lgesinde mali mÃ¼ÅŸavirlik, vergi ve muhasebe hizmetleri. Ãœmraniye ve Ä°stanbul genelinde profesyonel hizmet.",Sultanbeyli Mali MÃ¼ÅŸavir â€“ SMMM Adem YÄ±lmaz,0,0,26
./zeytinburnu-mali-musavir.html,Zeytinburnu Mali MÃ¼ÅŸavir | Ãœmraniye Muhasebeci â€“ SMMM Adem YÄ±lmaz,"Zeytinburnu bÃ¶lgesinde mali mÃ¼ÅŸavirlik, vergi ve muhasebe hizmetleri. Ãœmraniye ve Ä°stanbul genelinde profesyonel hizmet.",Zeytinburnu Mali MÃ¼ÅŸavir â€“ SMMM Adem YÄ±lmaz,0,0,26
./kdv-iade-mahsup.html,,,,0,0,2
./inkilap-mahallesi-mali-musavir.html,Ä°nkÄ±lap Mahallesi Mali MÃ¼ÅŸavir | Ãœmraniye Muhasebeci â€“ SMMM Adem YÄ±lmaz,"Ä°nkÄ±lap Mahallesi bÃ¶lgesinde mali mÃ¼ÅŸavirlik, vergi ve muhasebe hizmetleri. Ãœmraniye ve Ä°stanbul genelinde profesyonel hizmet.",Ä°nkÄ±lap Mahallesi Mali MÃ¼ÅŸavir â€“ SMMM Adem YÄ±lmaz,0,0,29
./sgk-bagkur-emeklilik.html,SGK / BaÄŸ-Kur Temelleri ve Emeklilik PlanlamasÄ± | SMMM Adem YÄ±lmaz,SGK ve BaÄŸ-Kur statÃ¼leri ile emeklilik planlamasÄ±nÄ±n temel parametreleri hakkÄ±nda Ã¶zet rehber.,SGK / BaÄŸ-Kur Temelleri ve Emeklilik PlanlamasÄ±na Genel BakÄ±ÅŸ,0,0,212
./enflasyon-muhasebesi.html,Enflasyon Muhasebesi 2025 | SMMM Adem YÄ±lmaz,"Enflasyon muhasebesinin amacÄ±, mantÄ±ÄŸÄ± ve iÅŸletmelere etkileri hakkÄ±nda genel bilgilendirme.","Enflasyon Muhasebesi Nedir, Kimler Uygular?",0,0,290
./bahcelievler-mali-musavir.html,BahÃ§elievler Mali MÃ¼ÅŸavir | Ãœmraniye Muhasebeci â€“ SMMM Adem YÄ±lmaz,"BahÃ§elievler bÃ¶lgesinde mali mÃ¼ÅŸavirlik, vergi ve muhasebe hizmetleri. Ãœmraniye ve Ä°stanbul genelinde profesyonel hizmet.",BahÃ§elievler Mali MÃ¼ÅŸavir â€“ SMMM Adem YÄ±lmaz,0,0,26
./yeniÅŸehir-mahallesi-mali-musavir.html,YeniÅŸehir Mahallesi Mali MÃ¼ÅŸavir | Ãœmraniye Muhasebeci â€“ SMMM Adem YÄ±lmaz,"YeniÅŸehir Mahallesi bÃ¶lgesinde mali mÃ¼ÅŸavirlik, vergi ve muhasebe hizmetleri. Ãœmraniye ve Ä°stanbul genelinde profesyonel hizmet.",YeniÅŸehir Mahallesi Mali MÃ¼ÅŸavir â€“ SMMM Adem YÄ±lmaz,0,0,29
./vergi-danismanligi-umraniye.html,Vergi DanÄ±ÅŸmanlÄ±ÄŸÄ± Ãœmraniye,"Vergi danÄ±ÅŸmanlÄ±ÄŸÄ±, KDV iadesi.",Ãœmraniye Vergi DanÄ±ÅŸmanlÄ±ÄŸÄ±,0,0,6
./hijyen.html,Ã–nemli Duyuru â€“ Karekod ve Hijyen Belgesi ZorunluluÄŸu,,Ã–NEMLÄ° DUYURU,0,0,207
./tatlisu-mahallesi-mali-musavir.html,TatlÄ±su Mahallesi Mali MÃ¼ÅŸavir | Ãœmraniye Muhasebeci â€“ SMMM Adem YÄ±lmaz,"TatlÄ±su Mahallesi bÃ¶lgesinde mali mÃ¼ÅŸavirlik, vergi ve muhasebe hizmetleri. Ãœmraniye ve Ä°stanbul genelinde profesyonel hizmet.",TatlÄ±su Mahallesi Mali MÃ¼ÅŸavir â€“ SMMM Adem YÄ±lmaz,0,0,29
./2025-e-fatura-e-arsiv-zorunlulugu.html,2025 E-Fatura ve E-ArÅŸiv ZorunluluÄŸu | SMMM Adem YÄ±lmaz,"2025 yÄ±lÄ±nda e-fatura ve e-arÅŸiv fatura zorunluluÄŸu, ciro limitleri ve geÃ§iÅŸ sÃ¼releri hakkÄ±nda Ã¶zet bilgiler.",2025 E-Fatura ve E-ArÅŸiv Fatura ZorunluluÄŸu,0,0,501
./Ã§ekmekÃ¶y-mali-musavir.html,Ã‡ekmekÃ¶y Mali MÃ¼ÅŸavir | Ãœmraniye Muhasebeci â€“ SMMM Adem YÄ±lmaz,"Ã‡ekmekÃ¶y bÃ¶lgesinde mali mÃ¼ÅŸavirlik, vergi ve muhasebe hizmetleri. Ãœmraniye ve Ä°stanbul genelinde profesyonel hizmet.",Ã‡ekmekÃ¶y Mali MÃ¼ÅŸavir â€“ SMMM Adem YÄ±lmaz,0,0,26
./il.html,Ãœmraniye Mali MÃ¼ÅŸavir | TÃ¼m Mahalleler ve Ä°stanbul Ä°lÃ§elerinde Hizmet,"SMMM Adem YÄ±lmaz olarak Ãœmraniye'nin tÃ¼m mahallelerinde ve Ä°stanbul'un 39 ilÃ§esinde muhasebe, vergi ve danÄ±ÅŸmanlÄ±k hizmeti sunuyorum. Ãœmraniye mali mÃ¼ÅŸavir arayanlar iÃ§in profesyonel destek.",Ãœmraniyeâ€™nin TÃ¼m Mahallelerinde ve Ä°stanbulâ€™un 39 Ä°lÃ§esinde Mali MÃ¼ÅŸavirlik,0,0,371
./umraniye-vergi-danismani.html,Ãœmraniye Vergi DanÄ±ÅŸmanÄ± | KDV & Vergi PlanlamasÄ±,"Ãœmraniye vergi danÄ±ÅŸmanÄ±. KDV iadesi, vergi incelemesi, vergi danÄ±ÅŸmanlÄ±ÄŸÄ± ve mali analiz.",Ãœmraniye Vergi DanÄ±ÅŸmanÄ±,0,0,20
./ÅŸerifali-mahallesi-mali-musavir.html,Åerifali Mahallesi Mali MÃ¼ÅŸavir | Ãœmraniye Muhasebeci â€“ SMMM Adem YÄ±lmaz,"Åerifali Mahallesi bÃ¶lgesinde mali mÃ¼ÅŸavirlik, vergi ve muhasebe hizmetleri. Ãœmraniye ve Ä°stanbul genelinde profesyonel hizmet.",Åerifali Mahallesi Mali MÃ¼ÅŸavir â€“ SMMM Adem YÄ±lmaz,0,0,29
./2025-pratik-bilgilerr.html,2025 Pratik Bilgiler | SMMM Adem YÄ±lmaz,"2025 yÄ±lÄ± gelir vergisi tarifesi, KDV oranlarÄ±, stopaj oranlarÄ±, harÃ§lar, usulsÃ¼zlÃ¼k cezalarÄ±, yeniden deÄŸerleme oranlarÄ±, beyannameler, defter hadleri ve diÄŸer pratik vergi bilgilerinin tamamÄ±.",2025 Pratik Bilgiler,0,0,316
./iÌ‡stiklal-mahallesi-mali-musavir.html,Ä°stiklal Mahallesi Mali MÃ¼ÅŸavir | Ãœmraniye Muhasebeci â€“ SMMM Adem YÄ±lmaz,"Ä°stiklal Mahallesi bÃ¶lgesinde mali mÃ¼ÅŸavirlik, vergi ve muhasebe hizmetleri. Ãœmraniye ve Ä°stanbul genelinde profesyonel hizmet.",Ä°stiklal Mahallesi Mali MÃ¼ÅŸavir â€“ SMMM Adem YÄ±lmaz,0,0,29
./parseller-mahallesi-mali-musavir.html,Parseller Mahallesi Mali MÃ¼ÅŸavir | Ãœmraniye Muhasebeci â€“ SMMM Adem YÄ±lmaz,"Parseller Mahallesi bÃ¶lgesinde mali mÃ¼ÅŸavirlik, vergi ve muhasebe hizmetleri. Ãœmraniye ve Ä°stanbul genelinde profesyonel hizmet.",Parseller Mahallesi Mali MÃ¼ÅŸavir â€“ SMMM Adem YÄ±lmaz,0,0,29
./bÃ¼yÃ¼kÃ§ekmece-mali-musavir.html,BÃ¼yÃ¼kÃ§ekmece Mali MÃ¼ÅŸavir | Ãœmraniye Muhasebeci â€“ SMMM Adem YÄ±lmaz,"BÃ¼yÃ¼kÃ§ekmece bÃ¶lgesinde mali mÃ¼ÅŸavirlik, vergi ve muhasebe hizmetleri. Ãœmraniye ve Ä°stanbul genelinde profesyonel hizmet.",BÃ¼yÃ¼kÃ§ekmece Mali MÃ¼ÅŸavir â€“ SMMM Adem YÄ±lmaz,0,0,26
./Ã¼skÃ¼dar-mali-musavir.html,ÃœskÃ¼dar Mali MÃ¼ÅŸavir | Ãœmraniye Muhasebeci â€“ SMMM Adem YÄ±lmaz,"ÃœskÃ¼dar bÃ¶lgesinde mali mÃ¼ÅŸavirlik, vergi ve muhasebe hizmetleri. Ãœmraniye ve Ä°stanbul genelinde profesyonel hizmet.",ÃœskÃ¼dar Mali MÃ¼ÅŸavir â€“ SMMM Adem YÄ±lmaz,0,0,26
./kdv-oranlari-rehberi.html,,,,0,0,3
./altÄ±nÅŸehir-mahallesi-mali-musavir.html,AltÄ±nÅŸehir Mahallesi Mali MÃ¼ÅŸavir | Ãœmraniye Muhasebeci â€“ SMMM Adem YÄ±lmaz,"AltÄ±nÅŸehir Mahallesi bÃ¶lgesinde mali mÃ¼ÅŸavirlik, vergi ve muhasebe hizmetleri. Ãœmraniye ve Ä°stanbul genelinde profesyonel hizmet.",AltÄ±nÅŸehir Mahallesi Mali MÃ¼ÅŸavir â€“ SMMM Adem YÄ±lmaz,0,0,29
./kuyum.html,Kuyumculukta Nakit Ä°ÅŸlemler HakkÄ±nda Duyuru,,Kuyumculukta Nakit Ä°ÅŸlemler HakkÄ±nda Resmi Duyuru,0,0,140
./aÅŸaÄŸÄ±dudullu-mahallesi-mali-musavir.html,AÅŸaÄŸÄ±dudullu Mahallesi Mali MÃ¼ÅŸavir | Ãœmraniye Muhasebeci â€“ SMMM Adem YÄ±lmaz,"AÅŸaÄŸÄ±dudullu Mahallesi bÃ¶lgesinde mali mÃ¼ÅŸavirlik, vergi ve muhasebe hizmetleri. Ãœmraniye ve Ä°stanbul genelinde profesyonel hizmet.",AÅŸaÄŸÄ±dudullu Mahallesi Mali MÃ¼ÅŸavir â€“ SMMM Adem YÄ±lmaz,0,0,29
./yamanevler-mahallesi-mali-musavir.html,Yamanevler Mahallesi Mali MÃ¼ÅŸavir | Ãœmraniye Muhasebeci â€“ SMMM Adem YÄ±lmaz,"Yamanevler Mahallesi bÃ¶lgesinde mali mÃ¼ÅŸavirlik, vergi ve muhasebe hizmetleri. Ãœmraniye ve Ä°stanbul genelinde profesyonel hizmet.",Yamanevler Mahallesi Mali MÃ¼ÅŸavir â€“ SMMM Adem YÄ±lmaz,0,0,29
./sultangazi-mali-musavir.html,Sultangazi Mali MÃ¼ÅŸavir | Ãœmraniye Muhasebeci â€“ SMMM Adem YÄ±lmaz,"Sultangazi bÃ¶lgesinde mali mÃ¼ÅŸavirlik, vergi ve muhasebe hizmetleri. Ãœmraniye ve Ä°stanbul genelinde profesyonel hizmet.",Sultangazi Mali MÃ¼ÅŸavir â€“ SMMM Adem YÄ±lmaz,0,0,26
./basit-usulden-gercek-usule-gecis.html,Basit Usulden GerÃ§ek Usule GeÃ§iÅŸ | Taksi - MinibÃ¼s - Servis TaÅŸÄ±macÄ±lÄ±ÄŸÄ±,"Basit usulden gerÃ§ek usule geÃ§iÅŸ, taksi-minibÃ¼s-servis taÅŸÄ±macÄ±lÄ±ÄŸÄ± yapan mÃ¼kellefler iÃ§in vergi ve yazarkasa yÃ¼kÃ¼mlÃ¼lÃ¼kleri. Ãœmraniye mali mÃ¼ÅŸavir desteÄŸi.",Basit Usulden GerÃ§ek Usule GeÃ§iÅŸ Rehberi,0,0,503
./2025-pratik-bilgiler.html,2025 Pratik Bilgiler | SMMM Adem YÄ±lmaz,"2025 yÄ±lÄ± gelir vergisi tarifesi, KDV oranlarÄ±, stopaj oranlarÄ±, harÃ§lar, usulsÃ¼zlÃ¼k cezalarÄ±, yeniden deÄŸerleme oranlarÄ±, beyanname sÃ¼releri ve diÄŸer pratik bilgiler.",,0,0,10
./muhasebe-ve-vergi-hizmetleri.html,Muhasebe ve Vergi Hizmetleri,TÃ¼m muhasebe ve vergi hizmetleri.,Muhasebe ve Vergi Hizmetleri,0,0,8
./kdv-iade-rehberi.html,KDV Ä°ade Rehberi | SMMM Adem YÄ±lmaz,KDV iade ve mahsup sÃ¼recine genel bakÄ±ÅŸ.,KDV Ä°ade ve Mahsup SÃ¼reÃ§lerine Genel BakÄ±ÅŸ,0,0,84
./utts-uets-vergi-sgk-gss.html,"UTTS, UETS, Vergi ve SGK YÃ¼kÃ¼mlÃ¼lÃ¼kleri | SMMM Adem YÄ±lmaz","UTTS yakÄ±t takip sistemi, UETS elektronik tebligat, vergi, SGK ve GSS yÃ¼kÃ¼mlÃ¼lÃ¼kleri ile KURGAN risk analizi hakkÄ±nda kÄ±sa aÃ§Ä±klamalar.",UTTS â€“ UETS â€“ Vergi â€“ SGK â€“ GSS â€“ KURGAN,0,0,237
./cemil-meriÃ§-mahallesi-mali-musavir.html,Cemil MeriÃ§ Mahallesi Mali MÃ¼ÅŸavir | Ãœmraniye Muhasebeci â€“ SMMM Adem YÄ±lmaz,"Cemil MeriÃ§ Mahallesi bÃ¶lgesinde mali mÃ¼ÅŸavirlik, vergi ve muhasebe hizmetleri. Ãœmraniye ve Ä°stanbul genelinde profesyonel hizmet.",Cemil MeriÃ§ Mahallesi Mali MÃ¼ÅŸavir â€“ SMMM Adem YÄ±lmaz,0,0,32
./sancaktepe-mali-musavir.html,Sancaktepe Mali MÃ¼ÅŸavir | Ãœmraniye Muhasebeci â€“ SMMM Adem YÄ±lmaz,"Sancaktepe bÃ¶lgesinde mali mÃ¼ÅŸavirlik, vergi ve muhasebe hizmetleri. Ãœmraniye ve Ä°stanbul genelinde profesyonel hizmet.",Sancaktepe Mali MÃ¼ÅŸavir â€“ SMMM Adem YÄ±lmaz,0,0,26
./umraniye-mali-musavir.html,Ãœmraniye Mali MÃ¼ÅŸavir | Profesyonel Hizmet,"Ãœmraniye mali mÃ¼ÅŸavir hizmetleri. Vergi danÄ±ÅŸmanlÄ±ÄŸÄ±, ÅŸirket kuruluÅŸu, defter tutma ve beyannameler.",Ãœmraniye Mali MÃ¼ÅŸavir,0,0,18
./kartal-mali-musavir.html,Kartal Mali MÃ¼ÅŸavir | Ãœmraniye Muhasebeci â€“ SMMM Adem YÄ±lmaz,"Kartal bÃ¶lgesinde mali mÃ¼ÅŸavirlik, vergi ve muhasebe hizmetleri. Ãœmraniye ve Ä°stanbul genelinde profesyonel hizmet.",Kartal Mali MÃ¼ÅŸavir â€“ SMMM Adem YÄ±lmaz,0,0,26
./maltepe-mali-musavir.html,Maltepe Mali MÃ¼ÅŸavir | Ãœmraniye Muhasebeci â€“ SMMM Adem YÄ±lmaz,"Maltepe bÃ¶lgesinde mali mÃ¼ÅŸavirlik, vergi ve muhasebe hizmetleri. Ãœmraniye ve Ä°stanbul genelinde profesyonel hizmet.",Maltepe Mali MÃ¼ÅŸavir â€“ SMMM Adem YÄ±lmaz,0,0,26
./saray-mahallesi-mali-musavir.html,Saray Mahallesi Mali MÃ¼ÅŸavir | Ãœmraniye Muhasebeci â€“ SMMM Adem YÄ±lmaz,"Saray Mahallesi bÃ¶lgesinde mali mÃ¼ÅŸavirlik, vergi ve muhasebe hizmetleri. Ãœmraniye ve Ä°stanbul genelinde profesyonel hizmet.",Saray Mahallesi Mali MÃ¼ÅŸavir â€“ SMMM Adem YÄ±lmaz,0,0,29
